observation_id,domain,target,source_id,truth_class,geometry_write_authority,confidence,source_locator,claim,numeric_json
obs.petrie.base_mean,survey,khafre_pyramid,src.petrie1883,MEASURED,EXISTING_CANONICAL_MEASUREMENT,HIGH,"ch. VIII §66, p.97",Petrie reported a mean Khafre base side of 8474.9 inches.,"{""value"":8474.9,""unit"":""in"",""si_value"":215.26246,""si_unit"":""m""}"
obs.ministry.height,architecture,khafre_pyramid,src.egypt_ministry,PUBLISHED_SUMMARY,CONFLICT_PRESERVED_NO_SILENT_OVERRIDE,HIGH_SOURCE_SUMMARY,official monument page,Egyptian Ministry monument record gives Khafre original height as 143.5 m.,"{""value"":143.5,""unit"":""m""}"
obs.ministry.core_material,materials,khafre_pyramid,src.egypt_ministry,PUBLISHED_OBSERVATION,MATERIAL_CONTEXT_ONLY,HIGH,official monument page,Core masonry is described as local limestone; preserved upper casing as high-quality Tura limestone.,
obs.ministry.valley_materials,materials,khafre_valley_temple,src.egypt_ministry,PUBLISHED_OBSERVATION,CONTEXT_ONLY,HIGH,official monument page,"Valley temple described as massive limestone blocks encased in granite, alabaster floors, and monolithic granite pillars.",
obs.dash.khafre_baseline_definition,survey,khafre_casing,src.dash.corner_conundrum,FIELD_SURVEY_INTERPRETATION,CONSTRAINT_CONTEXT_REVIEW_REQUIRED,HIGH,"AERAGRAM 13:1, p.19",Khafre baseline is described as a vertical cut at the foot of the lowest granite casing course where the pyramid slope met the surrounding pavement.,
obs.gpmp.loop_closure,survey,giza_plateau,src.aera.gpmp,SURVEY_METHOD_METRIC,SURVEY_FRAME_CONTEXT_ONLY,HIGH,Glen Dash Foundation Survey / GPMP summary,"GPMP survey-control loop is reported as closing to one part in 326,762, supporting approximately centimeter-scale control-point location capability near the plateau.","{""closure_ratio"":326762,""stated_point_location_scale"":1,""stated_point_location_unit"":""cm""}"
obs.arce.map_scales,survey,sphinx_khafre_context,src.aera.online_data,ARCHIVE_INVENTORY,ARCHIVE_ACQUISITION_ONLY,HIGH,AERA Online Data archive inventory,"ARCE archive includes Sphinx master plan/elevations at 1:50, Khafre Valley/Sphinx temple maps at 1:100, wider topographic/geological maps at 1:200, and detailed masonry sections at 1:20 and 1:10.","{""map_scales"":[""1:50"",""1:100"",""1:200"",""1:1000"",""1:20"",""1:10""]}"
obs.arce.archive_media_counts,imagery,sphinx_khafre_context,src.aera.online_data,ARCHIVE_INVENTORY,NONE,HIGH,AERA Online Data archive inventory,"ARCE Sphinx archive inventory reports 5,000 slides and 2,716 black-and-white photographs.","{""slides"":5000,""black_white_photos"":2716}"
obs.arce.water_table_profile,hydrology,sphinx_khafre_context,src.aera.online_data,ARCHIVE_INVENTORY,NONE,HIGH,archive inventory,Archive contains a Sphinx-area profile with water-table measurements taken during 1981–82.,
obs.lehner.water_level_1981_82,hydrology,sphinx_khafre_context,src.lehner.sphinx1992,MEASURED_CONTEXT,NONE_CONTEXT_NOT_PYRAMID_INTERIOR,MEDIUM_HIGH,proceedings discussion of 1981–82 Sphinx water-table measurements,Proceedings report that measured water level in the Sphinx vicinity was rather uniform at about elevation 15.50 m above sea level during the 1981–82 monitoring period.,"{""value"":15.5,""unit"":""m_above_sea_level""}"
obs.material.kh_tensile,geomechanics,khafre_backing_limestone,src.npj2020.materials,LAB_MEASURED_SAMPLE_RANGE,NONE_MATERIAL_PRIOR,HIGH_WITH_SOURCE_INTERNAL_CONFLICT,splitting tensile strength results,Khafre/Chephren backing-limestone split tensile strength reported from 1.79 to 3.71 MPa.,"{""min"":1.79,""max"":3.71,""unit"":""MPa"",""representation"":""PARAGRAPH_REPORTED_RANGE""}"
obs.material.kh_shear,geomechanics,khafre_backing_limestone,src.npj2020.materials,LAB_MEASURED_SAMPLE_RANGE,NONE_MATERIAL_PRIOR,HIGH_WITH_SAMPLE_SCOPE,single-shear results,Khafre/Chephren backing-limestone single-shear strength reported from 1.67 to 2.28 MPa.,"{""min"":1.67,""max"":2.28,""unit"":""MPa""}"
obs.material.giza_density,materials,giza_backing_limestone_context,src.npj2020.materials,LAB_MEASURED_CONTEXT_RANGE,NONE_CONTEXT_ONLY,MEDIUM_HIGH_CROSS_PYRAMID,physical-property results across three pyramids,Backing-limestone unit/bulk-density context across sampled Giza pyramid materials is reported approximately 1.99–2.31 g/cm³.,"{""min"":1.99,""max"":2.31,""unit"":""g/cm3""}"
obs.material.giza_porosity,materials,giza_backing_limestone_context,src.npj2020.materials,LAB_MEASURED_CONTEXT_RANGE,NONE_CONTEXT_ONLY,MEDIUM_HIGH_CROSS_PYRAMID,physical-property results across three pyramids,Total porosity across sampled backing limestone from the three Giza pyramids is reported around 21–33%.,"{""min"":21,""max"":33,""unit"":""percent""}"
obs.material.giza_absorption,materials,giza_backing_limestone_context,src.npj2020.materials,LAB_MEASURED_CONTEXT_RANGE,NONE_CONTEXT_ONLY,MEDIUM_HIGH_CROSS_PYRAMID,physical-property results across three pyramids,Water absorption across sampled backing limestone from the three Giza pyramids is reported around 12–20%.,"{""min"":12,""max"":20,""unit"":""percent""}"
obs.geology.aigner_structure,geology,giza_plateau,src.aigner1983,PUBLISHED_GEOLOGICAL_INTERPRETATION,GEOLOGICAL_NULL_CONTEXT,HIGH,abstract,Aigner identifies bedrock lithology and structural features including joint pattern and faults as morphogenetic controls on Giza plateau cliff morphology.,
obs.scidep.multiview_plan,muography,khafre_pyramid,src.scidep2025,PROJECT_METHOD_STATUS,NONE_NO_RESULT_YET,HIGH,arXiv abstract,"ScIDEP plans muon scanning from multiple viewpoints, including inside the burial chamber and outside the pyramid, to search for internal structures.",
obs.kh2025laser.exists,laser_scanning,khafre_pyramid,src.aera.kh2025_laser,PUBLICATION_METADATA,ACQUISITION_PRIORITY_NO_NUMERIC_INGEST,HIGH,AERAGRAM 26:1-2 bibliography/title,AERA reports a 2025 publication describing the first laser survey of the Second Great Pyramid (Khafre).,
obs.material.kh_table13_samples,materials,khafre_backing_limestone,src.npj2020.materials,LAB_MEASURED_SAMPLE_SET,NONE_MATERIAL_PRIOR,HIGH_WITH_SOURCE_INTERNAL_TENSILE_DISCREPANCY,Table 13,"Five Khafre/Chephren backing-limestone sample rows are normalized in material_samples_khafre.json, including compressive, tensile, shear, P-wave, rebound and toughness measurements.","{""sample_count"":5,""compressive_strength_MPa_table_min"":12.79,""compressive_strength_MPa_table_max"":17.78,""p_wave_velocity_km_s_min"":4.5,""p_wave_velocity_km_s_max"":6.8}"
obs.material.kh_elastic_modulus,geomechanics,khafre_backing_limestone,src.npj2020.materials,LAB_REPORTED_SUMMARY,NONE_MATERIAL_PRIOR,HIGH_WITH_SAMPLE_SCOPE,UCS/Young modulus results paragraph; Table 14,Study reports average elastic modulus of 13.82 GPa for five tested Khafre/Chephren backing-limestone cylinders.,"{""average"":13.82,""unit"":""GPa"",""sample_count"":5}"
obs.material.kh_pwave,acoustics_geomechanics,khafre_backing_limestone,src.npj2020.materials,LAB_MEASURED_SAMPLE_RANGE,NONE_MATERIAL_PRIOR,HIGH_WITH_SAMPLE_SCOPE,Table 13 and P-wave results paragraph,Khafre/Chephren backing-limestone P-wave velocities span 4.5–6.8 km/s in the five Table 13 samples.,"{""min"":4.5,""max"":6.8,""unit"":""km/s""}"
obs.material.kh_physical_samples,materials,khafre_backing_limestone,src.npj2020.materials,LAB_MEASURED_SAMPLE_SET,NONE_MATERIAL_PRIOR,HIGH_WITH_SAMPLE_SCOPE,Table 10 Khafre/Chephren rows,Three Khafre/Chephren petro-physical sample rows are normalized in material_physical_khafre.json.,"{""sample_count"":3,""unit_weight_g_cm3"":[2.25,2.31],""total_porosity_percent"":[21,24],""water_absorption_percent"":[12.62,15.2]}"
obs.digitalgiza.khafre_photo_count,imagery,khafre_pyramid,src.digitalgiza.khafre.photos,LIVE_ARCHIVE_CATALOG_COUNT,NONE_DISCOVERY_ONLY,HIGH_AT_ACCESS_TIME,Digital Giza Khafre Pyramid — All Photos,Digital Giza currently lists 406 photo records under Khafre Pyramid All Photos.,"{""photo_records"":406}"
obs.digitalgiza.plan_register,survey_architecture,khafre_complex,src.digitalgiza.home,ARCHIVAL_PLAN_REGISTER,REFERENCE_CROSSCHECK_ONLY,HIGH,"Digital Giza plan records / Maragioglio-Rinaldi V plates 005, 008, 009, 013, 014, 015",Six specifically identified Khafre complex/interior/temple plan records are normalized in plan_register.json with stable Digital Giza IDs and target scopes.,"{""registered_plans"":6}"
obs.arce.archive_final_counts,imagery_survey_archive,sphinx_khafre_context,src.arce.sphinx_archive_final,FINAL_DIGITIZATION_INVENTORY,NONE_ARCHIVE_CONTEXT,HIGH,ARCE Sphinx Mapping Digital Database final digitization description,"Final digitization description reports 364 maps/drawings, 3,857 slides and 1,740 black-and-white photographs.","{""maps_drawings"":364,""slides"":3857,""black_white_photos"":1740}"
obs.sar.method_retracted,remote_sensing_method_audit,deep_claim_methodology,src.mdpi2026.sar_retraction,PUBLISHER_STATUS,NONE,PUBLISHER_PRIMARY,"Remote Sensing 2026, 18(16), 2679",The 2022 SAR Doppler tomography paper was retracted on 10 August 2026 after publisher investigation reported serious methodological flaws and statistical errors undermining its scientific conclusions.,
obs.commons.khafre_media_surface,imagery,khafre_complex,src.commons.khafre,LIVE_ARCHIVE_CATALOG_COUNTS,NONE_DISCOVERY_ONLY,HIGH_AT_ACCESS_TIME,Wikimedia Commons Khafre categories; media_collections.json,"Commons exposes substantial open/reuse-reviewed Khafre imagery across pyramid, interior, details, historical, mortuary-complex and temple categories; category counts overlap and are not summed as unique files.","{""root_pyramid_files"":182,""interior_files"":34,""detail_files"":50,""historical_files"":38,""mortuary_complex_root_files"":17,""valley_temple_root_files"":35,""valley_temple_interior_files"":46,""mortuary_temple_files"":20}"
obs.khafre.facade_photo_condition_2009_2012,structural_condition,khafre_facades,src.procedia2016.khafre_deformations,PUBLISHED_FIELD_OBSERVATION,NONE_CONDITION_ONLY,PEER_REVIEWED_OPEN_ACCESS,Abstract / field-method description,"Photographic documentation of Khafre facades was performed from 2009–2012, and locations of major fractures/cracks were verified in situ in 2012.","{""photo_campaign_start"":2009,""photo_campaign_end"":2012,""field_verification_year"":2012}"
obs.aera.gpmp.control_network,survey_control,giza_plateau,src.aera.gpmp_survey,INSTITUTIONAL_METHOD_RECORD,NONE_METHOD_CONTEXT,INSTITUTIONAL_PRIMARY,AERA Archaeological Survey project description,AERA describes the GPMP as a high-precision mapping program begun in 1984 with a survey control network; from 2012 the GDFS surveyed all three major pyramids and surrounding major features.,
obs.dash.khafre_corner_control_dataset,survey_control,khafre_pyramid,src.dash.giza_surveys,PUBLIC_SURVEY_DATA_INDEX,NONE_UNTIL_DATASET_REGISTERED,HIGH_SOURCE_INDEX,Surveys at Giza on Google Earth / Giza Pyramids Corners and Centers,"The public survey index identifies Giza-Corner-Points-2v17.kmz as the latest corners/centers file and states Khafre corner/center estimates are based on Petrie’s 1880–1881 survey, with elevations supplied from Petrie and Maragioglio/Rinaldi.","{""named_control_markers"":4}"
obs.khafre.laser_survey_2025_exists,laser_scanning,khafre_pyramid,src.aera2025.khafre_laser,PUBLICATION_METADATA,NONE_DATA_NOT_ACQUIRED,INSTITUTIONAL_BIBLIOGRAPHY,AERA GPMP bibliography / AERAgram 26(1–2) 2025,AERA lists a 2025 article titled “Beamoin in on Khafre: The First Laser Survey of the Second Great Pyramid.”,
obs.kawae2019.drone3d_method,photogrammetry_method,giza_plateau,src.kawae2019.drone3d,PEER_REVIEWED_METHOD_CONTEXT,NONE_METHOD_ONLY,PEER_REVIEWED_OPEN_ACCESS,"IATSS Review 44(2), 117–123",The open-access 2019 report describes drone-based 3D survey work at the Giza pyramids as a route to updating pyramid form survey data.,
obs.nell2006.khafre.north_casing_orientation,survey_control,khafre_pyramid,src.nell_ruggles2014,MEASURED_TOTAL_STATION_BEST_FIT,ORIENTATION_CONSTRAINT_ONLY,HIGH,"Table 3a/3b, pp. 17–19 preprint pagination",Khafre north casing-foundation alignment measured by Total Station best-fit line.,"{""point_count"":13,""best_fit_azimuth_deg"":89.93666666666667,""deviation_from_cardinality_arcmin"":-3.8}"
obs.nell2006.khafre.east_casing_orientation,survey_control,khafre_pyramid,src.nell_ruggles2014,MEASURED_TOTAL_STATION_BEST_FIT,ORIENTATION_CONSTRAINT_ONLY,HIGH,"Table 3a/3b, pp. 17–19 preprint pagination",Khafre east casing-foundation alignment measured by Total Station best-fit line.,"{""point_count"":19,""best_fit_azimuth_deg"":359.93333333333334,""deviation_from_cardinality_arcmin"":-4}"
obs.nell2006.khafre.south_casing_orientation,survey_control,khafre_pyramid,src.nell_ruggles2014,MEASURED_TOTAL_STATION_BEST_FIT,ORIENTATION_CONSTRAINT_ONLY,HIGH,"Table 3a/3b, pp. 17–19 preprint pagination",Khafre south casing-foundation alignment measured by Total Station best-fit line.,"{""point_count"":11,""best_fit_azimuth_deg"":89.90333333333334,""deviation_from_cardinality_arcmin"":-5.8}"
obs.nell2006.khafre.west_casing_orientation,survey_control,khafre_pyramid,src.nell_ruggles2014,MEASURED_TOTAL_STATION_BEST_FIT,ORIENTATION_CONSTRAINT_ONLY,HIGH,"Table 3a/3b, pp. 18–19 preprint pagination",Khafre west casing-foundation alignment measured by Total Station best-fit line.,"{""point_count"":11,""best_fit_azimuth_deg"":359.93,""deviation_from_cardinality_arcmin"":-4.2}"
obs.nell2006.khafre.repeatability,survey_method,khafre_pyramid,src.nell_ruggles2014,MEASURED_REPEATABILITY_STATEMENT,METHOD_UNCERTAINTY_CONTEXT,HIGH,"discussion after Table 3a, preprint p.19",An independently repeated line of more than 10 points on the west first course confirmed the survey result to within 0.2 arcmin; two shorter repeated lines were consistent within expected margins.,"{""reported_repeatability_arcmin"":0.2,""applies_to"":""repeated line >10 points""}"
obs.nell2006.khafre.causeway_north,survey_control,khafre_causeway,src.nell_ruggles2014,MEASURED_TOTAL_STATION_BEST_FIT,ORIENTATION_CONSTRAINT_ONLY,HIGH,"Table 4a/discussion, preprint pp.19–20",North edge of Khafre causeway measured from 8 points.,"{""point_count"":8,""best_fit_azimuth_deg"":103.43333333333334,""reciprocal_azimuth_deg"":283.43333333333334}"
obs.nell2006.khafre.causeway_width,survey_control,khafre_causeway,src.nell_ruggles2014,MEASURED_SURVEY_SUMMARY,MEASUREMENT_CANDIDATE_REVIEW_REQUIRED,HIGH,"causeway discussion, preprint p.20",Surveyed Khafre causeway section had mean width 8.29 m.,"{""mean_width_m"":8.29}"
obs.gpmp.frame_origin,survey_control,giza_plateau,src.dash.gpmp_frame2015,PUBLISHED_COORDINATE_FRAME_DEFINITION,FRAME_DEFINITION_ONLY,HIGH,"AERAGRAM 16-2, analysis section","GPMP control grid assigns the computed center of the Great Pyramid N100000, E500000; northing is y and easting is x.","{""origin_feature"":""Khufu computed center"",""northing_m"":100000,""easting_m"":500000,""axis_n"":""northing"",""axis_e"":""easting""}"
obs.gpmp.g1_1.2015,survey_control,giza_plateau,src.dash.gpmp_frame2015,PUBLISHED_SURVEY_CONTROL,CONTROL_CONTEXT_ONLY,HIGH,"AERAGRAM 16-2, GPMP grid example",Example GPMP northeast survey marker coordinate near Great Pyramid.,"{""point_id"":""G1.1 / northeast marker"",""northing_m"":100115.803,""easting_m"":500115.61}"
obs.gpmp.sp4,survey_control,khafre_valley_temple_context,src.dash.gpmp_geophys2006,PUBLISHED_SURVEY_CONTROL,CONTROL_CONTEXT_ONLY,HIGH,"section “South of the Khafre Valley Temple”, Figure 29 context",Control point SP4 was established just south of the Khafre Valley Temple for the 2006 geophysical survey.,"{""point_id"":""SP4"",""northing_m"":99459.759,""easting_m"":500390.022,""elevation_m"":null}"
obs.petrie_stations.gpmp_bridge,survey_control,giza_plateau,src.dash.petrie_stations2017,PUBLISHED_FRAME_BRIDGE_METADATA,NONE_UNTIL_TABLE_ACQUIRED,HIGH,"AERAGRAM 18-1, pp.16–17",Dash reports converting Petrie’s survey-station coordinates into the modern GPMP grid and latitude/longitude; stations B and G were recovered in the Khafre-complex area.,
obs.gpmp.g1_1.2012,survey_control,giza_plateau,src.dash.giza_surveys,PUBLISHED_SURVEY_CONTROL,CONTROL_CONTEXT_ONLY,HIGH,"AERAGRAM 13-2, New Angles on the Great Pyramid, NE confidence plot",2012 publication gives Petrie Station Q / control G1.1 in GPMP coordinates.,"{""point_id"":""G1.1 / Petrie Q"",""northing_m"":100115.802,""easting_m"":500115.607}"
obs.gpmp.g1_2.2012,survey_control,giza_plateau,src.dash.giza_surveys,PUBLISHED_SURVEY_CONTROL,CONTROL_CONTEXT_ONLY,HIGH,"AERAGRAM 13-2, New Angles on the Great Pyramid, SE confidence plot",2012 publication gives Petrie Station U / control G1.2 in GPMP coordinates.,"{""point_id"":""G1.2 / Petrie U"",""northing_m"":99884.402,""easting_m"":500115.858}"
obs.gpmp.g1_4.2012,survey_control,giza_plateau,src.dash.giza_surveys,PUBLISHED_SURVEY_CONTROL,CONTROL_CONTEXT_ONLY,HIGH,"AERAGRAM 13-2, published GPMP survey-control plot",2012 publication gives Petrie Station O / control G1.4 in GPMP coordinates.,"{""point_id"":""G1.4 / Petrie O"",""northing_m"":100115.591,""easting_m"":499883.898}"
obs.ministry.sphinx.bedrock,archaeology,great_sphinx,src.egypt_ministry.sphinx,OFFICIAL_SUMMARY,NONE_CONTEXT_ONLY,HIGH,official monument page,The Great Sphinx is described by the Egyptian Ministry as carved directly from the bedrock during Dynasty 4.,
obs.ministry.sphinx.khafre_attribution,chronology,great_sphinx,src.egypt_ministry.sphinx,OFFICIAL_INTERPRETATION,NONE_CONTEXT_ONLY,HIGH_INSTITUTIONAL,official monument page,The Ministry states that available evidence points to carving during the reign of Khafre.,
obs.ministry.sphinx.sequence,archaeology,khafre_lower_complex,src.egypt_ministry.sphinx,OFFICIAL_INTERPRETATION,NONE_CONTEXT_ONLY,HIGH_INSTITUTIONAL,official monument page,The Ministry reports that archaeological analysis places completion of Khafre’s Valley Temple before work on the Great Sphinx and Sphinx Temple.,
obs.ministry.giza.complex_typology,architecture,giza_plateau,src.egypt_ministry.giza_plateau,OFFICIAL_SUMMARY,NONE_CONTEXT_ONLY,HIGH,official site page,"The official Giza Plateau summary describes royal pyramid complexes as broader ensembles including subsidiary/queens pyramids, temples, causeways, mastabas and boat burials rather than isolated pyramids.",
obs.digitalgiza.valley.finds17,archaeology,khafre_valley_temple,src.digitalgiza.khafre_valley_temple,CATALOG_FACT,NONE_CATALOG_ONLY,HIGH,Digital Giza site record,"Digital Giza indexes 17 finds for Khafre Valley Temple, including multiple seated/fragmentary Khafre statues and pottery.","{""value"":17,""unit"":""catalog_records""}"
obs.digitalgiza.valley.excavators,excavation_history,khafre_valley_temple,src.digitalgiza.khafre_valley_temple,CATALOG_FACT,NONE_CATALOG_ONLY,HIGH,Digital Giza site record,"Digital Giza lists Mariette, Steindorff and Petrie among excavators associated with Khafre Valley Temple.",
obs.digitalgiza.pyramid_temple.finds5,archaeology,khafre_pyramid_temple,src.digitalgiza.khafre_pyramid_temple,CATALOG_FACT,NONE_CATALOG_ONLY,HIGH,Digital Giza site record,"Digital Giza indexes five finds for Khafre Pyramid Temple, including a cast of an architrave with Khafre’s name and a lower part of a diorite statue.","{""value"":5,""unit"":""catalog_records""}"
obs.digitalgiza.pyramid_temple.excavators,excavation_history,khafre_pyramid_temple,src.digitalgiza.khafre_pyramid_temple,CATALOG_FACT,NONE_CATALOG_ONLY,HIGH,Digital Giza site record,"Digital Giza lists Junker, Borchardt and Hölscher as excavators associated with Khafre Pyramid Temple.",
obs.perring1840.chamber_roof,architecture,khafre_burial_chamber,src.perring1840.khafre,HISTORICAL_PRIMARY_OBSERVATION,HISTORICAL_GEOMETRY_CROSSCHECK,MEDIUM_HIGH,Plate III description,Perring described the burial chamber as excavated in rock with an angular roof of compact stone blocks extending into the rock beyond the chamber sides.,
obs.perring1840.sarcophagus_setting,architecture,khafre_sarcophagus,src.perring1840.khafre,HISTORICAL_PRIMARY_OBSERVATION,HISTORICAL_GEOMETRY_CROSSCHECK,MEDIUM_HIGH,Plate III description,"Perring recorded the sarcophagus sunk into the western floor zone, surrounded by large granite blocks and bedded on a granite slab in cement.",
obs.perring1840.wall_holes,architecture,khafre_burial_chamber,src.perring1840.khafre,HISTORICAL_PRIMARY_OBSERVATION,NONE_INTERPRETATION_UNRESOLVED,MEDIUM_HIGH,Plate III description,Perring recorded rectangular holes in the north and south sides of the burial chamber and red traced outlines beneath them; their purpose was uncertain.,
obs.perring1840.lower_water_stain,hydrology_history,khafre_lower_chamber,src.perring1840.khafre,HISTORICAL_PRIMARY_OBSERVATION,NONE_HISTORICAL_CONDITION_ONLY,MEDIUM,Plate IV description,"Perring reported a wall stain interpreted as evidence that water had once stood about 12 inches deep in the lower chamber. This is a nineteenth-century condition observation, not a modern groundwater measurement.","{""value"":12,""unit"":""in"",""si_value"":0.3048,""si_unit"":""m""}"
obs.belzoni.discovery_date,exploration_history,khafre_interior,src.britishmuseum.belzoni_medal,MUSEUM_DOCUMENTED_EVENT,NONE_HISTORY_ONLY,HIGH,British Museum collection record M.5597,The British Museum records that Belzoni discovered the entrance and passages leading to Khafre’s burial chamber on 2 March 1818.,
obs.met.architrave.origin,epigraphy,khafre_pyramid_temple,src.met.khafre_architrave,CURATORIAL_INTERPRETATION,NONE_CONTEXT_ONLY,HIGH_CURATORIAL,Met object record N.A.1999.4.1,The Met identifies the original red-granite architrave as made for Khafre and probably from the court of his pyramid temple at Giza.,
obs.met.architrave.reuse,reuse_history,khafre_architrave,src.met.khafre_architrave,CURATORIAL_INTERPRETATION,NONE_CONTEXT_ONLY,HIGH_CURATORIAL,Met object record N.A.1999.4.1,"The Met records later reuse of the original Khafre architrave in the entrance corridor of Amenemhat I’s pyramid at Lisht, more than five centuries later.",
obs.met.face.attribution,art_history,khafre_royal_sculpture,src.met.khafre_face,CURATORIAL_INTERPRETATION,NONE_CONTEXT_ONLY,HIGH_CURATORIAL,Met object 543896,"The Met attributes the fragmentary royal face to Khafre based on find context, royal-beard traces and similarity to temple statues.",
obs.unesco.inscription1979,heritage,memphis_necropolis,src.unesco.memphis_necropolis,INSTITUTIONAL_RECORD,NONE_HERITAGE_CONTEXT,HIGH,World Heritage property 86,"Memphis and its Necropolis, including the Giza pyramid fields, was inscribed on the World Heritage List in 1979.","{""value"":1979,""unit"":""year""}"
obs.unesco.property_area,heritage,memphis_necropolis,src.unesco.memphis_necropolis,INSTITUTIONAL_RECORD,NONE_HERITAGE_CONTEXT,HIGH,World Heritage property 86,"UNESCO reports a total World Heritage property area of 16,358.52 hectares.","{""value"":16358.52,""unit"":""ha""}"
obs.unesco.giza_dahshur_area,heritage,pyramid_fields_giza_dahshur,src.unesco.memphis_necropolis,INSTITUTIONAL_RECORD,NONE_HERITAGE_CONTEXT,HIGH,World Heritage maps component 86-002,"UNESCO reports component 86-002, the pyramid fields from Giza to Dahshur, as 16,203.36 hectares.","{""value"":16203.36,""unit"":""ha""}"
obs.aera.sphinx_quarry_link,archaeology,sphinx_temple,src.aera.kh_monuments_unit,EXPERT_ARCHAEOLOGICAL_INTERPRETATION,NONE_INTERPRETATION_ONLY,HIGH_EXPERT,Khafre’s Monuments as a Unit,"AERA reports geological matching between Sphinx-quarry strata and blocks in the Sphinx Temple, supporting a shared quarry/construction sequence.",
obs.aera.causeway_precedes_sphinx_quarry,construction_sequence,khafre_causeway,src.aera.kh_monuments_unit,EXPERT_ARCHAEOLOGICAL_INTERPRETATION,NONE_INTERPRETATION_ONLY,HIGH_EXPERT,Khafre’s Monuments as a Unit,"AERA interprets the south side of the Sphinx quarry as respecting an already-existing Khafre causeway foundation, placing the causeway before the Sphinx quarry in relative sequence.",
obs.aera.valley_before_sphinx_temple,construction_sequence,khafre_lower_complex,src.aera.kh_sequence,EXPERT_ARCHAEOLOGICAL_INTERPRETATION,NONE_INTERPRETATION_ONLY,HIGH_EXPERT,Why Sequence is Important,AERA sequences the Khafre Valley Temple before the Sphinx Temple because a Valley Temple enclosure wall was later incorporated into the Sphinx Temple.,
obs.aera.area_c.function,workforce_archaeology,area_c,src.aera.area_c,EXCAVATION_INTERPRETATION,NONE_CONTEXT_ONLY,MEDIUM_HIGH,Area C project summary,"AERA’s re-excavation found Area C mostly empty with activity near gallery entrances and proposed storage/craft use rather than worker barracks, probably during Khafre construction.",
obs.aera.radiocarbon.1995_offset,chronology,old_kingdom_chronology,src.aera.radiocarbon,RESEARCH_SUMMARY,NONE_CHRONOLOGY_CONTEXT,HIGH_SUMMARY,How Old Are the Pyramids?,"AERA reports that the 1995 radiocarbon set tended to be roughly 100–200 years older than the historical chronology, with substantial monument-level scatter.",
obs.aera.radiocarbon.oldwood,chronology_method,old_kingdom_chronology,src.aera.radiocarbon,METHOD_CAVEAT,NONE_METHOD_ONLY,HIGH,How Old Are the Pyramids?,AERA identifies reuse of old wood as an important mechanism that can make charcoal dates older than the construction event in which the material was burned.,
obs.bonani.sample_count,chronology_method,old_middle_kingdom_monuments,src.bonani2001.radiocarbon,PEER_REVIEWED_METHOD_RECORD,NONE_METHOD_ONLY,HIGH,"Radiocarbon 43(3), abstract",Bonani et al. report that more than 450 organic samples were collected from Old and Middle Kingdom monuments between 1984 and 1995 for radiocarbon chronology work.,"{""value"":450,""unit"":""samples"",""qualifier"":""more_than""}"
obs.material.kh.granite_base_casing,materials,khafre_casing,src.npj2020.materials,PUBLISHED_MATERIAL_INTERPRETATION,MATERIAL_CONTEXT_ONLY,MEDIUM_HIGH,Sustainability problems of the Giza pyramids,"The 2020 materials study reports that Khafre’s base casing layers included granite types sourced from the Aswan quarry region, while upper surviving casing is fine limestone.",
obs.material.kh.gypsum_mortar,materials,khafre_core_masonry,src.npj2020.materials,PUBLISHED_LAB_INTERPRETATION,MATERIAL_CONTEXT_ONLY,MEDIUM_HIGH,Sustainability problems of the Giza pyramids,"The 2020 materials study characterizes structural mortars joining Khafre backing limestone as gypsum-rich mortar with gypsum/anhydrite, calcite/rock fragments and minor constituents.",
obs.material.kh.local_quarry_context,quarrying,khafre_core_masonry,src.npj2020.materials,PUBLISHED_INTERPRETATION,MATERIAL_CONTEXT_ONLY,MEDIUM_HIGH,Sustainability problems of the Giza pyramids,The 2020 materials study states that local fossiliferous limestone from nearby Giza quarries—including trench/quarry areas around Khafre—supplied core/backing masonry.,
obs.geology.giza_cliffline,geology,giza_plateau,src.aigner1983,PEER_REVIEWED_GEOLOGY,NONE_GEOLOGY_CONTEXT,HIGH,abstract,"Aigner interprets Giza plateau escarpments as a Pliocene cliff-line and identifies lithology, joint patterns and faults as important geomorphological controls.",
obs.intent.royal_complex.funeral_afterlife,ritual_function,old_kingdom_royal_pyramid_complex,src.digitalgiza.royal_pyramid_complexes,SCHOLARLY_SYNTHESIS,NONE_INTERPRETIVE_CONTEXT,HIGH,Royal Pyramid Complexes lesson — complex purposes,"Digital Giza describes royal pyramid complexes as settings for the royal funeral, procession and preparation of the deceased ruler for the afterlife.",
obs.intent.royal_complex.offering_cult,ritual_function,old_kingdom_royal_pyramid_complex,src.digitalgiza.royal_pyramid_complexes,SCHOLARLY_SYNTHESIS,NONE_INTERPRETIVE_CONTEXT,HIGH,Royal Pyramid Complexes lesson — post-burial cult,"Digital Giza describes post-burial royal offering cult activity in pyramid complexes, including priestly care, offerings and ritual readings intended to sustain the deceased king.",
obs.intent.old_kingdom.solar_symbolism,ideology,old_kingdom_royal_pyramid_tradition,src.met.old_kingdom,SCHOLARLY_CONTEXT,NONE_CONTEXT_ONLY,MEDIUM_HIGH,Old Kingdom essay — royal funerary complex and solar cult,"The Met describes Old Kingdom royal funerary architecture as increasingly connected with solar kingship, including interpretation of the pyramid as a solar symbol associated with Heliopolitan tradition.",
obs.intent.old_kingdom.centralized_state,political_organization,old_kingdom_state,src.met.old_kingdom,SCHOLARLY_CONTEXT,NONE_CONTEXT_ONLY,HIGH,Old Kingdom essay — kingship and administration,"The Met characterizes Old Kingdom kingship as highly centralized, with the king at the apex of a strongly stratified administration and major state-planned mortuary landscapes.",
obs.digitalgiza.causeway.statue_head,archaeology,khafre_causeway,src.digitalgiza.khafre_causeway,CATALOG_FACT,NONE_CATALOG_ONLY,HIGH,Khafre Causeway record — Finds 1,Digital Giza indexes a limestone statue head as a find associated with the Khafre Causeway.,
obs.egyptianmuseum.khafre_valley_statue,archaeology,khafre_valley_temple,src.egyptianmuseum.khafre_statue,OFFICIAL_MUSEUM_OBJECT_RECORD,NONE_OBJECT_PROVENANCE_ONLY,HIGH,Statue of Khafre object record — discovery/material/size,The Egyptian Museum records a 168 cm diorite statue of Khafre discovered in the Valley Temple and describes it as one of about 23 similar statues.,"{""height_cm"":168,""reported_group_count_approx"":23}"
obs.egyptianmuseum.khafre_iconography,iconography,khafre_royal_sculpture,src.egyptianmuseum.khafre_statue,OFFICIAL_MUSEUM_CURATORIAL_DESCRIPTION,NONE_CONTEXT_ONLY,HIGH_CURATORIAL,Statue of Khafre object record — throne/falcon description,The Khafre statue is described with a sema-tawy throne motif signifying the union of Upper and Lower Egypt and a Horus falcon behind the king in a protective gesture.,
obs.met.architrave.doorway_context,architecture_epigraphy,khafre_pyramid_temple,src.met.khafre_architrave,CURATORIAL_INTERPRETATION,NONE_CONTEXT_ONLY,HIGH_CURATORIAL,Met object record N.A.1999.4.1 — court/doorway reconstruction,The Met reconstructs the Khafre architrave as bridging wide piers around the pyramid-temple court so the royal cartouche surmounted a doorway; traces indicate flying falcons associated with statues inset into the piers.,
obs.room.hoelscher.program,architecture,khafre_pyramid_temple,src.hoelscher1912,PRIMARY_EXCAVATION_DESCRIPTION,NONE_PRIMARY_PLAN_CONTEXT,HIGH,Contents; pp. 24–30; plates III/VI,"Hölscher separates the mortuary temple description into vestibule, wide hall, deep hall, serdabs, statue court, an inner/intimate temple zone, side rooms, and pyramid court.",
obs.room.hoelscher.causeway_length,survey_history,khafre_causeway,src.hoelscher1912,HISTORICAL_MEASUREMENT,NONE_REQUIRES_MODERN_RECONCILIATION,HIGH,p. 24 / detailed causeway discussion p. 49,Hölscher reports the Khafre causeway length as 494.60 m.,"{""value"":494.6,""unit"":""m"",""si_value"":494.6,""si_unit"":""m""}"
obs.room.hoelscher.causeway_slope,survey_history,khafre_causeway,src.hoelscher1912,HISTORICAL_MEASUREMENT_APPROX,NONE_REQUIRES_MODERN_RECONCILIATION,MEDIUM_HIGH,p. 24; Plate X,Hölscher describes the covered causeway corridor as rising at approximately 1:11.,"{""rise_run_ratio"":0.09090909090909091,""reported_ratio"":""1:11""}"
obs.room.hoelscher.causeway_environment,architecture,khafre_causeway,src.hoelscher1912,PRIMARY_EXCAVATION_INTERPRETATION,NONE,MEDIUM_HIGH,p. 24; Plate X,Hölscher describes the causeway as a narrow covered corridor on a natural rock tongue and suggests ceiling slit-lighting; the lighting reconstruction remains interpretive.,
obs.room.hoelscher.causeway_drain,architecture,khafre_causeway,src.hoelscher1912,PRIMARY_ARCHITECTURAL_OBSERVATION,NONE,HIGH,"pp. 24, 49–50",Hölscher records drainage provision at the lower end of the causeway.,
obs.room.hoelscher.entry_branch,topology,khafre_pyramid_temple,src.hoelscher1912,PRIMARY_EXCAVATION_DESCRIPTION,NONE,HIGH,p. 25,"At the upper temple entrance, Hölscher describes a smaller branch toward side rooms and a larger opening into the southwest corner of the vestibule.",
obs.room.hoelscher.vestibule_materials,architecture_materials,khafre_pyramid_temple_vestibule,src.hoelscher1912,PRIMARY_EXCAVATION_DESCRIPTION,NONE,HIGH,p. 25,"Hölscher describes the transverse vestibule with two square granite pillars, granite wall treatment, and an alabaster floor.",
obs.room.hoelscher.public_private,interpretation,khafre_pyramid_temple,src.hoelscher1912,HISTORICAL_FUNCTIONAL_INTERPRETATION,NONE_INTERPRETIVE,MEDIUM,pp. 24–30,Hölscher divided the mortuary temple into larger “public” and narrower western “intimate” zones and proposed different participant scales for them.,
obs.room.hoelscher.court_passages,architecture,khafre_pyramid_temple_statue_court,src.hoelscher1912,PRIMARY_EXCAVATION_OBSERVATION,NONE,HIGH,p. 55 (digital page #0087),Hölscher considered the transverse statue-court plan with five versus three openings on opposing sides secure from surviving traces.,
obs.room.hoelscher.court_materials,architecture_materials,khafre_pyramid_temple_statue_court,src.hoelscher1912,PRIMARY_EXCAVATION_OBSERVATION,NONE,HIGH,p. 55 (digital page #0087),Hölscher records alabaster paving in the court/passages and granite cladding traces on walls between court and ambulatory.,
obs.room.hoelscher.court_inscriptions,epigraphy,khafre_pyramid_temple_statue_court,src.hoelscher1912,PRIMARY_FIND_PLUS_INTERPRETATION,NONE,MEDIUM_HIGH,p. 55 (digital page #0087),Granite fragments with royal titulary were found around the court; Hölscher inferred that court doorways carried inscriptions.,
obs.room.hoelscher.court_statue_holes,architecture_statuary,khafre_pyramid_temple_statue_court,src.hoelscher1912,PRIMARY_FIND_PLUS_RECONSTRUCTION,NONE,MEDIUM_HIGH,p. 56 (digital page #0088),Large emplacement holes between door axes contained polished red-granite remnants. Hölscher interpreted them as settings for standing royal statues.,
obs.room.hoelscher.statue_removal,archaeology,khafre_pyramid_temple_statue_court,src.hoelscher1912,PRIMARY_EXCAVATION_OBSERVATION,NONE,HIGH,p. 56 (digital page #0088),Hölscher reports cut/lever traces around the emplacement holes consistent with careful removal of large fitted stones/statues.,
obs.room.hoelscher.court_level_step,architecture_hydrology,khafre_pyramid_temple_statue_court,src.hoelscher1912,HISTORICAL_MEASUREMENT_APPROX,NONE,MEDIUM_HIGH,p. 56 (digital page #0088),Hölscher reports the ambulatory/cult-room floor about 5 cm above the court pavement and interprets the step as rainwater protection.,"{""value"":0.05,""unit"":""m"",""si_value"":0.05,""si_unit"":""m""}"
obs.room.oxford.pyramid_temple_dimensions,architecture,khafre_pyramid_temple,src.oxford.flentye2018,SCHOLARLY_SYNTHESIS,NONE_CROSSCHECK_ONLY,HIGH,"Khafra’s Pyramid Temple, lines 353–358",Flentye summarizes Khafre’s pyramid temple as approximately 56.2 × 111.2 m.,"{""width_m"":56.2,""length_m"":111.2,""unit"":""m""}"
obs.room.oxford.pyramid_temple_program,architecture,khafre_pyramid_temple,src.oxford.flentye2018,SCHOLARLY_SYNTHESIS,NONE,HIGH,"Khafra’s Pyramid Temple, lines 354–358","The pyramid temple is summarized as containing wide and deep pillared halls, a court, five chapels, and magazines.",
obs.room.oxford.court_reconstruction_dispute,source_conflict,khafre_pyramid_temple_statue_court,src.oxford.flentye2018,SCHOLARLY_CONFLICT_SYNTHESIS,NONE,HIGH,"Khafra’s Pyramid Temple, lines 355–358","The court statuary reconstruction remains disputed: Hölscher proposed twelve colossal standing/Osiride-form statues, Ricke proposed seated figures, and later Arnold/Jánosi revisions challenged earlier reconstructions.",
obs.room.oxford.five_chapels_function,interpretation,khafre_pyramid_temple_chapels,src.oxford.flentye2018,SCHOLARLY_RECONSTRUCTION,NONE_INTERPRETIVE,MEDIUM_HIGH,"Khafra’s Pyramid Temple, line 358",The five chapels beyond the court are interpreted as probably containing royal statues and barques.,
obs.room.oxford.causeway,architecture,khafre_causeway,src.oxford.flentye2018,SCHOLARLY_SYNTHESIS,NONE,HIGH,"Khafra’s Causeway, lines 359–362","Flentye summarizes the Khafre causeway as about 494 m long, covered, and decorated with reliefs.","{""value"":494,""unit"":""m"",""si_value"":494,""si_unit"":""m""}"
obs.room.oxford.valley_plan,architecture,khafre_valley_temple,src.oxford.flentye2018,SCHOLARLY_SYNTHESIS,NONE,HIGH,"Khafra’s Valley Temple, lines 377–383",Khafre’s Valley Temple is described as T-shaped and reconstructed primarily around a statuary program rather than limestone relief decoration.,
obs.room.oxford.valley_entries,architecture_epigraphy,khafre_valley_temple,src.oxford.flentye2018,SCHOLARLY_SYNTHESIS,NONE,HIGH,"Khafra’s Valley Temple, lines 380–381",The east façade has two entrances; associated inscriptions mention Bastet at the north entrance and Hathor at the south entrance. Flanking sphinx/lion figures are reconstructed.,
obs.room.oxford.valley_niches,architecture_statuary,khafre_valley_temple_t_hall,src.oxford.flentye2018,SCHOLARLY_SYNTHESIS,NONE,HIGH,"Khafra’s Valley Temple, line 382","Twenty-three niches are reported in the alabaster floor along the T-shaped hall’s granite walls, arranged 3/7/3/7/3 in Seidel’s reconstruction.","{""count"":23,""arrangement"":[3,7,3,7,3]}"
obs.room.oxford.valley_center_niche,statuary_reconstruction,khafre_valley_temple_t_hall,src.oxford.flentye2018,SCHOLARLY_RECONSTRUCTION,NONE_INTERPRETIVE,MEDIUM_HIGH,"Khafra’s Valley Temple, line 383",The largest central niche on the far west wall is reconstructed as the position of the famous seated Khafre-and-Horus statue (Cairo CG 14).,
obs.room.arce.valley_plan_1_100,survey_archive,khafre_valley_temple,src.opencontext.arce_sphinx,ARCHIVE_INVENTORY_FACT,NONE_UNTIL_SOURCE_BYTES_PARSED,HIGH,Project archive inventory — detailed maps,The ARCE Sphinx Project archive includes detailed maps of the Fourth Dynasty Khafre Valley Temple at 1:100 scale.,"{""scale_denominator"":100}"
obs.room.arce.detail_sections,survey_archive,sphinx_complex,src.opencontext.arce_sphinx,ARCHIVE_INVENTORY_FACT,NONE_UNTIL_SOURCE_BYTES_PARSED,HIGH,Project archive inventory — architectural sections,The ARCE archive includes detailed architectural sections/elevations of masonry layers at 1:20 and 1:10 and wider topographic/geological mapping at 1:200.,"{""section_scales"":[20,10],""context_scale"":200}"
obs.room.ministry.valley_hall,architecture,khafre_valley_temple,src.egypt_ministry,OFFICIAL_SUMMARY,NONE,HIGH,Official Khafre complex summary — Valley Temple,"The Egyptian Ministry describes the Valley Temple as massive limestone encased in granite, with alabaster floors, a wide hall of monolithic granite pillars, and symmetrical wall niches that once held royal statues.",
obs.room.perring.belzoni_chamber,architecture,khafre_burial_chamber,src.perring1840.khafre,PRIMARY_HISTORICAL_SURVEY,NONE_EXISTING_INTERIOR_CROSSCHECK,HIGH,"Vol. II, Plate III, digital page #0005",Perring describes Belzoni’s chamber as rock-cut with a block-built inclined roof; the western end contains a plain red-granite sarcophagus sunk into the paved floor and surrounded by granite blocks.,
obs.room.perring.lower_chamber,architecture,khafre_lower_chamber,src.perring1840.khafre,PRIMARY_HISTORICAL_SURVEY,NONE_EXISTING_INTERIOR_CROSSCHECK,HIGH,"Vol. II, Plate IV, digital page #0005","Perring records a lower rock-cut chamber, connected to the lower passage system and historically affected by water ingress.",
obs.room.perring.two_entrances,architecture,khafre_pyramid_interior,src.perring1840.khafre,PRIMARY_HISTORICAL_SURVEY,NONE_EXISTING_INTERIOR_CROSSCHECK,HIGH,"Vol. II, Plates I–IV; digital page #0005","Perring’s survey documents upper and lower entrance/passages that converge into the Second Pyramid interior system, including a portcullis and horizontal passage.",
obs.plan.digitalgiza.pyramid_temple_refs,bibliography,khafre_pyramid_temple,src.digitalgiza.khafre_pyramid_temple,CATALOG_FACT,NONE,HIGH,3D model/full bibliography record,"Digital Giza’s Khafre Pyramid Temple 3D record cross-links Hölscher, Arnold, Ricke, Hassan and Maragioglio/Rinaldi as reconstruction/bibliographic sources.",
obs.plan.digitalgiza.valley_temple_refs,bibliography,khafre_valley_temple,src.digitalgiza.khafre_valley_temple,CATALOG_FACT,NONE,HIGH,3D model/full bibliography record,"Digital Giza’s Khafre Valley Temple 3D record cross-links Arnold, Hölscher, Ricke, Lehner and Maragioglio/Rinaldi.",
obs.room.perring.portcullis_mechanism,architecture_access_control,khafre_pyramid_interior_portcullis,src.perring1840.khafre,PRIMARY_HISTORICAL_SURVEY,NONE_EXISTING_INTERIOR_CROSSCHECK,HIGH,"Vol. II, Plate II — Passages; chamber/anteroom with three portcullises","Perring documents a chamber system with three portcullis slabs, grooves/recesses, and holes he interpreted as supporting or handling beams, providing direct evidence for deliberate physical closure within the interior route.",
obs.room.met.court_doorway_program,architecture_epigraphy_statuary,khafre_pyramid_temple_court,src.met.khafre_architrave,CURATORIAL_RECONSTRUCTION,NONE_CONTEXT_ONLY,HIGH_CURATORIAL,Met object N.A.1999.4.1 — architectural reconstruction of Khafre architrave,"The Met reconstructs Khafre's red-granite architrave as spanning wide piers and a doorway around the pyramid-temple court, with royal titulary above the threshold and traces interpreted as flying falcons beside royal statues inset in the piers.",
